team,name,season_year,games_played,iceTime_minutes,input_shotAttempts_per60,input_unblockedShots_per60,input_shotsOnGoal_per60,input_xGoals_per60,input_corsi_pct,input_fenwick_pct,input_xG_per_shotAttempt,input_xG_per_unblockedShot,input_xG_per_SOG,input_pct_highDanger,input_pct_mediumDanger,input_pct_lowDanger,input_ratio_HD_LD,input_ratio_HD_MD,input_ratio_MD_LD,input_shot_completion_rate,input_unblocked_rate,input_blocked_shot_rate,input_missed_net_rate,input_rebounds_per60,input_takeaways_per60,input_giveaways_per60,input_takeaway_giveaway_ratio,input_xG_per_rebound,input_pct_xG_from_rebounds,input_penalty_differential_per60,input_penalties_taken_per60,input_faceoff_win_pct,input_hits_per60,input_zone_exit_success,output_goals_per60,output_goals_pct,output_xGoals_pct,output_ratio_GF_xG,output_shooting_pct_SOG,output_shooting_pct_unblocked,output_shooting_pct_attempts,output_shooting_pct_vs_expected,output_goals_above_expected,output_pct_goals_highDanger,output_pct_goals_mediumDanger,output_pct_goals_lowDanger,output_reboundGoals_per60,output_rebound_conversion,output_shooting_pct_HD,output_shooting_pct_MD,output_shooting_pct_LD,output_HD_goals_vs_xG,output_MD_goals_vs_xG,output_LD_goals_vs_xG
VGK,VGK,2024-2025,82,4277,58.835632452653734,42.59060088847323,28.576104746317515,2.6856207622165065,0.51,0.52,0.04564616118264187,0.0630566534914361,0.09398134511536574,0.06884057971014493,0.18017127799736496,0.7509881422924901,0.09166666666666666,0.3820840950639854,0.23991228070175438,0.48569384835479257,0.7238912732474965,0.2761087267525036,0.3290513833992095,3.282674772036474,5.078325929389759,16.722001402852467,0.3036912751677852,0.2062820512820513,0.25214166318428755,0.2805704933364508,2.4690203413607668,0.5037849125554685,19.906476502221185,0.5396825396825397,2.5812485386953474,0.5427728613569321,0.5262665970255931,1.031364833764162,0.09032891507118311,0.06060606060606061,0.043872198378636144,-0.003652430044182628,-7.439999999999998,0.15217391304347827,0.40217391304347827,0.44565217391304346,0.3927986906710311,0.11965811965811966,0.1339712918660287,0.13528336380255943,0.035964912280701755,0.4957507082152975,1.092896174863388,1.2193308550185873
TOR,TOR,2024-2025,82,4062.95,54.53672823933349,39.42947858083412,26.463530193578556,2.3768444110806186,0.47,0.48,0.04358245329000812,0.06028089887640449,0.0898158482142857,0.058426966292134834,0.17790262172284643,0.7636704119850187,0.07650809220205983,0.32842105263157895,0.2329573320255027,0.4852423503926347,0.7229894394800975,0.2770105605199025,0.32883895131086144,2.6286319053889415,4.843771151503218,16.06714333181555,0.3014705882352941,0.20016853932584272,0.22137309723516624,-0.41349265927466494,3.8100395033165557,0.5392969419834238,27.80738133622122,0.5935251798561151,2.4957235506220847,0.5540983606557377,0.49815840787396704,1.1122935032262335,0.09430803571428571,0.06329588014981273,0.045762252910912536,0.004492187500000008,8.050000000000011,0.13609467455621302,0.46745562130177515,0.39644970414201186,0.22151392461142763,0.08426966292134831,0.14743589743589744,0.16631578947368422,0.03285924472780775,0.5211874008610922,1.3151323455968038,1.1808248149453648
MIN,MIN,2024-2025,82,4159.066666666667,54.6468759016446,39.052030904369566,25.851953964030393,2.2101112429070624,0.48,0.48,0.04044350580781415,0.05659401551533062,0.08549107142857142,0.04839305504248245,0.17399335057258958,0.7776135943849279,0.06223277909738718,0.2781316348195329,0.22375296912114015,0.4730728616684266,0.7146251319957762,0.28537486800422385,0.338012560029553,2.7554258968358285,5.121341326579682,15.926650209983007,0.32155797101449274,0.20382198952879582,0.25411227154047,-0.17311576315198923,3.3469047542717916,0.4711186249647788,22.764722854486585,0.5827552031714569,2.0341102170358734,0.48788927335640137,0.4919085538145389,0.9918292121025956,0.07868303571428571,0.05208718138160325,0.037222808870116156,-0.006808035714285704,-12.199999999999989,0.1276595744680851,0.3829787234042553,0.48936170212765956,0.23082101753598563,0.08376963350785341,0.13740458015267176,0.11464968152866242,0.0327790973871734,0.4754358161648178,0.9316770186335404,1.202928870292887
PHI,PHI,2024-2025,82,4151.266666666666,53.54992050619088,39.009780147424884,25.842714673433008,2.5540638198782704,0.48,0.5,0.04769500674763833,0.06547239718414227,0.09883109619686802,0.07224898110411264,0.18191922934420154,0.7458317895516858,0.09687034277198212,0.3971486761710794,0.24391455538996523,0.4825910931174089,0.7284750337381917,0.2715249662618084,0.337532419414598,3.121938685381169,5.232137981981404,16.924954632321057,0.30913748932536295,0.21055555555555555,0.25737083356912455,0.08672051903836579,3.266472883778445,0.5104427736006684,23.400086720519038,0.608875128998968,2.3992676933947874,0.4598337950138504,0.528644508929907,0.8698355648196466,0.09284116331096197,0.06150426083734717,0.04480431848852901,-0.005989932885906046,-10.710000000000008,0.1566265060240964,0.37349397590361444,0.46987951807228917,0.37578891583291846,0.12037037037037036,0.13333333333333333,0.12627291242362526,0.038748137108792845,0.46872183162069586,0.9816339455351489,1.3427440179032535
BUF,BUF,2024-2025,82,4001.3166666666666,57.431095597699084,41.08647570174818,26.256357282394543,2.3867643567325754,0.5,0.49,0.04155874673629242,0.05809124087591241,0.09090234151913192,0.05547445255474453,0.16496350364963502,0.7795620437956204,0.07116104868913857,0.336283185840708,0.21161048689138576,0.45718015665796347,0.7154046997389034,0.2845953002610966,0.36094890510948907,2.8190720554484145,4.8733958405358235,15.984738356957502,0.3048780487804878,0.20324468085106384,0.24005779983665265,-0.11996051299780489,4.093652506050092,0.48288043478260867,23.857147022438447,0.5899645210339585,2.7740868630742384,0.5013550135501355,0.4740729709605361,1.0575481924951813,0.105653912050257,0.06751824817518248,0.048302872062663184,0.01475157053112508,25.830000000000013,0.11891891891891893,0.33513513513513515,0.5459459459459459,0.3148963466192378,0.11170212765957446,0.14473684210526316,0.13716814159292035,0.04728464419475655,0.5225653206650831,1.1010477712662048,1.662277814351547
CGY,CGY,2024-2025,82,4093.0833333333335,61.74318464075575,42.70130504713236,28.218335810411876,2.346886006881528,0.52,0.51,0.038010446343779675,0.05496052179883282,0.08316883116883117,0.055612770339855816,0.15207689667009955,0.7923103329900446,0.07019064124783363,0.3656884875846501,0.19194107452339687,0.4570275403608737,0.6915954415954416,0.3084045584045584,0.3391692413319602,2.799845267422685,5.570372783354032,16.69645947431643,0.33362598770851626,0.19392670157068062,0.23135540287320425,0.2345420119306961,3.840625445365148,0.46018824726532687,26.136775454526948,0.5765765765765766,2.052242604393591,0.49645390070921985,0.4913303667331594,1.0104278797382842,0.07272727272727272,0.048060418812221076,0.03323836657169991,-0.010441558441558446,-20.099999999999994,0.2,0.3,0.5,0.3078363906590386,0.1099476439790576,0.1728395061728395,0.09480812641083522,0.030329289428076257,0.6349206349206349,0.7568931338979996,1.1568335812262436
SJS,SJS,2024-2025,82,4043.75,53.93508500772797,38.029057187017,25.580216383307572,2.2185347758887173,0.46,0.46,0.0411334250343879,0.058337885290675,0.08672853828306265,0.05891533359344518,0.16699180647678502,0.7740928599297698,0.07610887096774194,0.352803738317757,0.2157258064516129,0.47427785419532326,0.7050894085281981,0.29491059147180193,0.3273507608271557,2.8043276661514684,4.599690880989181,16.098918083462134,0.2857142857142857,0.2053968253968254,0.25963081861958265,-0.3412673879443586,3.9319938176197837,0.4835499032347249,25.684080370942812,0.5622681505034446,2.1217928902627508,0.41210374639769454,0.4369757722769384,0.9430814533500477,0.08294663573085846,0.055793991416309016,0.039339752407152685,-0.003781902552204189,-6.52000000000001,0.17482517482517482,0.2867132867132867,0.5384615384615384,0.3412673879443586,0.12169312169312169,0.16556291390728478,0.09579439252336448,0.03881048387096774,0.5914360066240832,0.780209324452902,1.4076782449725775
CBJ,CBJ,2024-2025,82,4188.816666666667,57.43865610415033,40.794337302897794,27.401533448189426,2.5472110261848018,0.49,0.49,0.04434663341645886,0.06244030898876405,0.09295870360690016,0.07092696629213484,0.1699438202247191,0.7591292134831461,0.09343200740055504,0.41735537190082644,0.2238667900092507,0.4770573566084788,0.7102244389027431,0.2897755610972569,0.3283005617977528,3.437725053614983,4.970377473351662,16.071364625650045,0.3092691622103387,0.22016666666666668,0.2971377157959849,-0.4297156317018729,3.4663727623951077,0.47579787234042553,22.77492848019926,0.5643765903307888,2.879094732402548,0.5289473684210526,0.483759521218716,1.093409731943873,0.10507056978567694,0.07057584269662921,0.05012468827930175,0.012111866178776784,23.169999999999987,0.14427860696517414,0.42786069651741293,0.42786069651741293,0.3867440685316855,0.1125,0.14356435643564355,0.17768595041322313,0.039777983348751156,0.4852744310575636,1.4264388787526954,1.4886619352605157
MTL,MTL,2024-2025,82,4020.9166666666665,55.15160307558393,38.33454228927898,24.75554910779051,2.4951026921721833,0.48,0.47,0.045240800865800866,0.06508758271701051,0.10078963230861966,0.05916699104710004,0.21019852082522383,0.7306344881276762,0.08098028769312733,0.2814814814814815,0.2876931273308471,0.44886363636363635,0.6950757575757576,0.30492424242424243,0.3542234332425068,2.596422872064828,4.8048745103728425,15.339785703923235,0.3132295719844358,0.19764367816091954,0.20566951737336284,-0.20890758740751486,4.07369795444654,0.5129236071223435,28.02346065366521,0.5627659574468085,2.3576713435990966,0.4647058823529412,0.46992861559215326,0.9888861136225319,0.09523809523809523,0.061502530167380304,0.04274891774891775,-0.005551537070524429,-9.210000000000008,0.1518987341772152,0.33544303797468356,0.5126582278481012,0.2984394105821641,0.11494252873563218,0.15789473684210525,0.09814814814814815,0.043153969099627064,0.5615348619560131,0.790454884414616,1.411149825783972
UTA,UTA,2024-2025,82,4064.9666666666667,61.74220370810749,43.80847731428712,28.029750141452574,2.738029832142945,0.53,0.53,0.04434616304087975,0.0625,0.09768299104791996,0.06165768194070081,0.19137466307277629,0.746967654986523,0.08254397834912043,0.3221830985915493,0.25620207487595853,0.4539803968443701,0.709538608654076,0.29046139134592397,0.36017520215633425,3.2767796373894003,4.841368112899654,18.64221928839105,0.2596991290577989,0.19518018018018019,0.23358490566037735,-0.08856161182133515,3.9114711887756353,0.5080256821829856,20.590574748460423,0.5442052221713238,2.3321224446284923,0.511326860841424,0.5327398047099369,0.9598059997034167,0.0832016850974197,0.05323450134770889,0.037771934018646904,-0.014481305950500262,-27.5,0.15822784810126583,0.4050632911392405,0.43670886075949367,0.3247259100115622,0.0990990990990991,0.1366120218579235,0.11267605633802817,0.03112313937753721,0.49261083743842365,0.9158557527189468,1.0636657931247109
NYR,NYR,2024-2025,82,4063.35,57.41075713389199,41.53715530289047,27.036804607036068,2.5301783011554506,0.49,0.49,0.04407150205761317,0.060913615357269815,0.09358274167121791,0.06043370067543548,0.1781016708140775,0.761464628510487,0.07936507936507936,0.3393213572854291,0.2338935574229692,0.47093621399176955,0.7235082304526749,0.27649176954732513,0.3490934944898685,3.0122928125807524,4.917125032300934,15.947432537192219,0.30833333333333335,0.2038235294117647,0.24266121972570762,-0.29532282476281885,3.721067592011518,0.5309957924263674,28.46912030713574,0.5785327424913835,2.6579054228653693,0.5113636363636364,0.48138783537013624,1.0622695439955434,0.09830693610049153,0.06398862424457874,0.046296296296296294,0.004724194429273618,8.650000000000006,0.15555555555555556,0.35555555555555557,0.4888888888888889,0.41345195466794643,0.13725490196078433,0.16470588235294117,0.1277445109780439,0.04108309990662932,0.5724800654262933,1.012337867763366,1.485733580955597
FLA,FLA,2024-2025,82,4020.6,63.617370541710194,45.53051783315923,29.637367557081035,2.6901954932099685,0.56,0.55,0.042287121745249824,0.05908554572271387,0.09077039274924471,0.06227466404457555,0.15994755817764666,0.7777777777777778,0.08006742520016856,0.38934426229508196,0.20564686051411715,0.46586910626319494,0.7156931738212526,0.28430682617874736,0.34906588003933137,3.6114012833905385,5.163408446500522,15.609610505894643,0.33078393881453155,0.20185950413223142,0.2709824152659899,-0.2835397701835547,4.4172511565437995,0.5008090614886731,34.02477242202656,0.4986175115207373,2.283241307267572,0.523972602739726,0.5472843741461489,0.957404646454975,0.0770392749244713,0.05014749262536873,0.03589021815622801,-0.013731117824773417,-27.27000000000001,0.1568627450980392,0.3464052287581699,0.49673202614379086,0.3283092075809581,0.09090909090909091,0.12631578947368421,0.10860655737704918,0.03202697008006743,0.4454342984409799,0.8734344100197758,1.1565971693806119
TBL,TBL,2024-2025,82,4117.966666666666,56.809590493690244,40.62198981698087,26.60536348845304,2.5755915136110863,0.5,0.5,0.045337265965632215,0.06340387374461981,0.09680722891566265,0.062410329985652796,0.19117647058823528,0.746413199426112,0.08361364728495915,0.32645403377110693,0.2561268620855358,0.46832521159271606,0.7150551423441908,0.2849448576558092,0.3450502152080344,2.753786253733639,4.604214053861534,15.342523413658844,0.30009496676163344,0.20693121693121694,0.22124794931266617,0.27683565513724406,3.3511684569245337,0.5001314751511964,19.90302657460397,0.5493171471927162,2.710075360817232,0.5636363636363636,0.5133290742246487,1.0980020262590833,0.10186199342825848,0.0667144906743185,0.04770453962554501,0.00505476451259583,9.22999999999999,0.13440860215053763,0.40860215053763443,0.45698924731182794,0.3496871433312557,0.12698412698412698,0.14367816091954022,0.1425891181988743,0.04084574723690534,0.5173841059602649,1.1348364939525162,1.3825634352635003
BOS,BOS,2024-2025,82,4065.616666666667,53.15798751316938,37.234203913305485,24.424339071153618,2.2790638566515127,0.48,0.47,0.042873403664630765,0.06120887831946096,0.09331117824773415,0.06539833531510107,0.17479191438763378,0.7598097502972652,0.08607198748043818,0.3741496598639456,0.2300469483568075,0.4594669627984453,0.7004441976679623,0.29955580233203777,0.34403487911216807,2.523602405539135,5.489942075207943,17.399574480296142,0.3155216284987277,0.2173684210526316,0.24069157547108722,0.014757908804322427,4.043667012384345,0.5159955874241589,30.297986775273944,0.5910577971646674,2.2579600470613315,0.4811320754716981,0.48372748629600626,0.9946345599581663,0.09244712990936556,0.06064209274673008,0.0424764019988895,-8.640483383685893e-4,-1.4300000000000068,0.13725490196078433,0.48366013071895425,0.3790849673202614,0.23612654086915882,0.0935672514619883,0.12727272727272726,0.16780045351473924,0.03025560772039645,0.4398826979472141,1.3376717281272597,1.1290636558302511
PIT,PIT,2024-2025,82,4135.3,58.96549222547337,41.62696781370154,26.871085531884024,2.578724639083017,0.51,0.5,0.04373277559055118,0.061948414081561515,0.09596652267818574,0.0658766120599512,0.17706517950505402,0.7570582084349947,0.08701657458563536,0.3720472440944882,0.23388581952117865,0.45570866141732286,0.7059547244094488,0.29404527559055116,0.35447891251307073,3.337121853311731,5.586051797934854,16.395424757575025,0.3407079646017699,0.20478260869565218,0.265008721093794,0.17411070539017726,3.235557275167461,0.528552097428958,22.953594660605035,0.565808644973288,2.2779483955214856,0.4460227272727273,0.4919316892247225,0.9066761443558411,0.0847732181425486,0.05472289996514465,0.03863188976377953,-0.011193304535637147,-20.72999999999999,0.1592356687898089,0.39490445859872614,0.445859872611465,0.29018450898362874,0.08695652173913043,0.13227513227513227,0.1220472440944882,0.03222836095764273,0.4721435316336166,0.966183574879227,1.155115511551155
EDM,EDM,2024-2025,82,4118.4,62.10664335664335,44.75524475524475,30.78379953379953,2.757721445221445,0.54,0.54,0.04440300258034248,0.061617838541666664,0.08958353052531945,0.057291666666666664,0.1845703125,0.7581380208333334,0.07556891369686561,0.31040564373897706,0.24345212537569771,0.49566033309875673,0.7206192821956369,0.27938071780436313,0.3121744791666667,3.3216783216783217,5.681818181818182,15.748834498834498,0.36077705827937095,0.20517543859649123,0.24713402715410218,0.20396270396270397,3.2196969696969697,0.5080440304826418,16.987179487179485,0.5691681735985533,2.4475524475524475,0.49557522123893805,0.5452214989342704,0.9089429199098448,0.07950780880265026,0.0546875,0.03940886699507389,-0.010075721722669184,-21.289999999999992,0.13690476190476192,0.4166666666666667,0.44642857142857145,0.32051282051282054,0.09649122807017543,0.13068181818181818,0.12345679012345678,0.0322026620867325,0.45743834526650756,0.9868884816015789,1.101645123384254
COL,COL,2024-2025,82,4072,62.50491159135561,43.320235756385074,28.37917485265226,2.5183202357563848,0.54,0.54,0.040289957567185286,0.05813265306122449,0.08873831775700934,0.053061224489795916,0.17312925170068028,0.7738095238095238,0.06857142857142857,0.30648330058939094,0.22373626373626374,0.45403111739745405,0.693069306930693,0.3069306930693069,0.3448979591836735,2.843811394891945,5.3339882121807465,16.090373280943027,0.3315018315018315,0.20108808290155442,0.22707857936925868,0.412573673870334,3.0648330058939095,0.4693768387269323,21.63064833005894,0.5639614855570839,2.431237721021611,0.515625,0.5302000930665425,0.9725102027382835,0.08566978193146417,0.05612244897959184,0.038896746817538894,-0.003068535825545171,-5.909999999999997,0.16363636363636364,0.34545454545454546,0.4909090909090909,0.35363457760314343,0.12435233160621761,0.17307692307692307,0.11198428290766209,0.03560439560439561,0.6258692628650904,0.9098164405426975,1.243666513127591
WSH,WSH,2024-2025,82,4080,57.985294117647065,41.41176470588235,26.26470588235294,2.7088235294117644,0.51,0.51,0.0467156987065686,0.06541193181818182,0.10313549832026875,0.06889204545454546,0.1903409090909091,0.7407670454545454,0.09300095877277086,0.3619402985074627,0.2569511025886865,0.4529546030940908,0.714177022571646,0.28582297742835405,0.36576704545454547,2.9411764705882355,4.514705882352941,15.867647058823527,0.2845227062094532,0.21215,0.23034744842562432,-0.22058823529411764,3.838235294117647,0.5055038103302286,21.38235294117647,0.5928290766208252,2.7941176470588234,0.5428571428571428,0.518814781433078,1.0463409337676437,0.10638297872340426,0.06747159090909091,0.04818665990362668,0.003247480403135508,5.800000000000011,0.22105263157894736,0.3368421052631579,0.4421052631578947,0.4117647058823529,0.14,0.21649484536082475,0.11940298507462686,0.040268456375838924,0.7618356611645202,0.9348524685948,1.3859099158554693
VAN,VAN,2024-2025,82,4079.15,53.467021315715286,37.30188887390755,23.85791157471532,2.175159040486376,0.49,0.49,0.040682255845942226,0.05831230283911672,0.09117139334155364,0.06585173501577288,0.14787066246056782,0.7862776025236593,0.08375125376128385,0.44533333333333336,0.18806419257773319,0.44621733149931225,0.6976616231086658,0.30233837689133425,0.36041009463722395,2.5152298885797286,4.662736109238444,14.15000674160058,0.3295218295218295,0.21789473684210525,0.25196104949959425,-0.10296262701788363,4.015542453697462,0.4895065229722065,30.373974970275672,0.5413737155219037,2.2357599009597586,0.4840764331210191,0.4893124214148633,0.9892992941427807,0.093711467324291,0.05993690851735016,0.04181568088033012,0.0025400739827373675,4.1200000000000045,0.19078947368421054,0.3157894736842105,0.4934210526315789,0.36772366792101296,0.14619883040935672,0.17365269461077845,0.128,0.03761283851554664,0.6166276844567298,1.0077682133109385,1.4095094906972374
CAR,CAR,2024-2025,82,3995.9666666666667,70.07565962345365,49.23464493364142,30.31556819793291,3.0248000066733955,0.59,0.58,0.04316477394471823,0.06143641354071363,0.09977711738484397,0.05916437938395852,0.19274168953949375,0.7480939310765478,0.07908683245006115,0.3069620253164557,0.2576437015898899,0.43261195628883653,0.7025926719520035,0.2974073280479966,0.38426349496797807,3.9489818900724902,5.795844142844035,17.46260812986428,0.33190025795356837,0.17996197718631177,0.23494663688260115,0.1351362623979179,3.5135428223458653,0.5344736842105263,19.925091133559672,0.5364321608040201,2.642664686892617,0.5131195335276968,0.5555249152028238,0.9236661029692167,0.0871718672610203,0.05367490088441598,0.037711592029140775,-0.012605250123823672,-25.44999999999999,0.1534090909090909,0.42045454545454547,0.42613636363636365,0.3303330858615771,0.08365019011406843,0.13917525773195877,0.11708860759493671,0.030574806359559722,0.5034495618124184,0.9374208259437548,1.088850174216028
WPG,WPG,2024-2025,82,4156.916666666667,57.14331535793757,41.670308521941344,26.84682156245615,2.552468776938035,0.5,0.51,0.044667845415508965,0.061253896778662976,0.09507526881720431,0.06546588153792865,0.18496709386906823,0.7495670245930032,0.08733826247689463,0.3539325842696629,0.24676524953789278,0.46981561000252586,0.7292245516544582,0.2707754483455418,0.35573259438863875,3.2042980574544435,5.253894112222602,14.881222059619509,0.3530552861299709,0.2018018018018018,0.25333634924225285,0.14433775033578572,3.045526532085079,0.4949748743718593,23.353848004330132,0.5646425073457395,2.4537417557083576,0.5882352941176471,0.5290175900442743,1.1119390076772622,0.0913978494623656,0.05888465535157603,0.04294013639808032,-0.003677419354838715,-6.840000000000003,0.18235294117647058,0.3941176470588235,0.4235294117647059,0.4041457009402001,0.12612612612612611,0.164021164021164,0.1254681647940075,0.033271719038817,0.5831452219714071,1.0239951092770898,1.2360515021459229
NSH,NSH,2024-2025,82,4013.483333333333,58.15397265052386,40.9320249658443,27.402630300362528,2.4952389653210636,0.51,0.5,0.04290745501285347,0.060960555149744335,0.09105837424986361,0.056610664718772824,0.1891891891891892,0.754200146092038,0.07506053268765134,0.29922779922779924,0.25084745762711863,0.4712082262210797,0.7038560411311054,0.2961439588688946,0.33053323593864137,2.87032461411326,5.023068074698204,16.594064175342286,0.3027027027027027,0.19557291666666665,0.22497154154933796,-0.01494960736517323,3.84204909284952,0.5094858399780039,27.28303344144114,0.5735887096774194,1.9434489574725198,0.40625,0.49666726179848836,0.8179520400215685,0.07092198581560284,0.04747991234477721,0.033419023136246784,-0.02013638843426077,-36.91,0.15384615384615385,0.4307692307692308,0.4153846153846154,0.2690929325731181,0.09375,0.12903225806451613,0.10810810810810811,0.026150121065375304,0.46264168401572986,0.8624672724472507,0.9189925119128659
STL,STL,2024-2025,82,4189.65,52.543768572553795,36.79066270452186,25.419784468869715,2.235365722673732,0.48,0.49,0.04254292722812755,0.06075905021409109,0.08793802816901408,0.06228104320747373,0.17360840794083301,0.7641105488516933,0.0815078960774325,0.35874439461883406,0.2272032603158431,0.4837830471518125,0.7001907876805669,0.2998092123194331,0.30906967691708837,2.2197558268590454,4.697289749740432,16.956070316136195,0.27702702702702703,0.21438709677419354,0.21288999935934394,-0.04296301600372346,3.365436253625005,0.5101024079712151,27.42472521571014,0.5972972972972973,2.5061759335505354,0.5434782608695652,0.4955710067625488,1.0966708170035682,0.09859154929577464,0.0681198910081744,0.047696920141727994,0.01065352112676056,18.909999999999997,0.17142857142857143,0.34285714285714286,0.4857142857142857,0.32938312269521325,0.14838709677419354,0.1875,0.13452914798206278,0.043301069791136015,0.6821282401091405,1.072577761887737,1.5135327635327636
ANA,ANA,2024-2025,82,4047.633333333333,55.958626028378724,40.20126987787102,26.296848364064598,2.3773892562732133,0.46,0.46,0.04248476821192053,0.05913716814159292,0.09040586245772265,0.06010324483775811,0.16039823008849557,0.7794985250737463,0.07710501419110691,0.37471264367816093,0.20577105014191108,0.4699337748344371,0.71841059602649,0.28158940397350996,0.34587020648967554,3.261164960594257,4.417396173895857,15.490533562822717,0.2851674641148325,0.20472727272727273,0.28083302157376233,-0.3112930189658154,4.120926632023651,0.44824707846410683,26.296848364064598,0.5798319327731093,2.3272859036968105,0.48909657320872274,0.45073351694677083,1.0851124995580979,0.08850056369785794,0.057890855457227136,0.041589403973509936,-0.0019052987598647125,-3.3799999999999955,0.1592356687898089,0.37579617834394907,0.46496815286624205,0.37058692734025644,0.11363636363636363,0.15337423312883436,0.135632183908046,0.03453169347209082,0.5406574394463668,1.0958395245170875,1.2104128668545846
NJD,NJD,2024-2025,82,4076.866666666667,58.1181626412441,40.20734878092653,25.82865926446781,2.536359622585973,0.51,0.5,0.04364142820967334,0.06308199121522694,0.0981994301994302,0.06881405563689605,0.17898975109809664,0.7521961932650073,0.09148418491484185,0.38445807770961143,0.23795620437956205,0.44441630792605724,0.6918207141048367,0.30817928589516336,0.3576134699853587,3.2083462790051183,4.3710038755253215,16.291923536048927,0.2682926829268293,0.19706422018348624,0.24927468956713472,-0.16188903242686375,3.6940133762857097,0.4938650306748466,26.432063839877028,0.5777439024390244,2.1928605301457003,0.4950166112956811,0.5163281203187728,0.9587248724513893,0.0849002849002849,0.054538799414348464,0.037731071157255,-0.013299145299145304,-23.340000000000003,0.20134228187919462,0.3087248322147651,0.4899328859060403,0.3384952496198061,0.10550458715596331,0.1595744680851064,0.09406952965235174,0.035523114355231145,0.5688282138794084,0.7524946834614755,1.2485035060714897
DET,DET,2024-2025,82,4157.716666666666,53.92863871596188,38.53076408124652,25.196522129534237,2.364951916717108,0.48,0.48,0.04385335830880385,0.06137827715355805,0.0938602520045819,0.06104868913857678,0.18164794007490637,0.7573033707865169,0.08061325420375866,0.33608247422680415,0.23986152324431256,0.46721969494246723,0.7144768530907145,0.28552314690928554,0.34606741573033706,2.7418895788152953,4.617919290636287,16.350320488409103,0.2824360105913504,0.20642105263157895,0.23932145472296804,0.5772399113295359,2.915061552214156,0.48206096574049095,21.41560071032578,0.574403250380904,2.0636326830030907,0.46885245901639344,0.4779235928842228,0.9810196985399152,0.08190148911798396,0.05355805243445693,0.03826598876103827,-0.011958762886597932,-20.879999999999995,0.17482517482517482,0.4125874125874126,0.4125874125874126,0.21646496674857596,0.07894736842105263,0.15337423312883436,0.12164948453608247,0.029179030662710187,0.5424170101974397,0.9761747187293184,1.028950122078828
NYI,NYI,2024-2025,82,4151.783333333334,58.94816283765611,42.22763711979189,27.50143512627104,2.5365485514256925,0.5,0.51,0.04303015444962001,0.060068446269678305,0.09223331581713085,0.059548254620123205,0.16940451745379878,0.771047227926078,0.07723035952063914,0.3515151515151515,0.2197070572569907,0.4665359156656043,0.7163520470703604,0.2836479529296396,0.3487337440109514,3.1360017984239703,5.159228765149113,15.853428446410579,0.325432999088423,0.201889400921659,0.24960118505013673,0.3901937721541346,2.630195056742685,0.546147563299755,24.900143311910146,0.5430056710775047,2.3411626329248074,0.5015479876160991,0.5000997236231017,1.002895950396663,0.08512874408828167,0.055441478439425054,0.039715616572689384,-0.007104571728849179,-13.52000000000001,0.14814814814814814,0.4382716049382716,0.41358024691358025,0.33238728739055906,0.10599078341013825,0.13793103448275862,0.14343434343434344,0.029738126941855306,0.5006257822277848,1.1330992658793488,1.031721589159224
SEA,SEA,2024-2025,82,4084.8,56.448296122209165,40.7021151586369,25.9400705052879,2.2621915393654524,0.48,0.48,0.040075461878740566,0.05557921328040418,0.0872083805209513,0.04511006856730422,0.16420064958498737,0.7906892818477084,0.057051574623459604,0.27472527472527475,0.20766773162939298,0.45953682019255787,0.7210512620348686,0.2789487379651314,0.36268495128112593,2.6586368977673325,5.3613396004700355,15.305522914218566,0.3502879078694818,0.19099447513812154,0.2244659437698851,0.4700352526439483,3.128672150411281,0.48693259972489683,23.883666274970622,0.5534219596258001,2.4676850763807288,0.4772727272727273,0.46143935762224353,1.0343130021073013,0.09513023782559456,0.06062793215445687,0.04371584699453552,0.00792185730464326,13.990000000000009,0.13095238095238096,0.38095238095238093,0.4880952380952381,0.2643948296122209,0.09944751381215469,0.176,0.14065934065934066,0.037425832952989506,0.6164191650322219,1.1218229623137599,1.3381201044386424
OTT,OTT,2024-2025,82,3958.766666666667,57.911975952106296,41.17949192930458,27.69044230947349,2.4016570817510505,0.5,0.5,0.04147081915728867,0.058321678321678325,0.08673234811165846,0.06256900993743099,0.16451969083548032,0.7729112992270887,0.08095238095238096,0.38031319910514544,0.21285714285714286,0.47814708191572886,0.7110704004187386,0.28892959958126146,0.3275671696724328,2.8645285147731196,5.092495137374435,14.049830334363397,0.36245954692556637,0.1979365079365079,0.23608481635744033,0.3485934171417024,4.061871121477227,0.5204826038159371,30.373095997911808,0.585878818227341,2.1218729739060147,0.4713804713804714,0.49834890083970185,0.9458844407727407,0.07662835249042145,0.05152741994847258,0.036639623135304895,-0.01010399562123701,-18.460000000000008,0.22857142857142856,0.3357142857142857,0.4357142857142857,0.3637496526696025,0.12698412698412698,0.18823529411764706,0.10514541387024609,0.029047619047619048,0.6944444444444444,0.8457800971747346,1.0733767376385712
LAK,LAK,2024-2025,82,4073.9333333333334,61.17920437251469,43.608961036835815,27.496768070169697,2.6200723297713924,0.53,0.54,0.0428261916225325,0.060081053698074975,0.09528655597214783,0.060452549814251945,0.17055048969942588,0.7689969604863222,0.07861220904699165,0.35445544554455444,0.22178304787000439,0.4494463168030814,0.7128069330765527,0.28719306692344726,0.3694697737250929,3.2842952756549773,4.315239981017527,15.037064916788035,0.28697355533790403,0.21533632286995516,0.2699269252388983,-0.4123778821450196,3.696673157799997,0.5008287292817679,24.2272005760199,0.5570563577084303,2.62154510792191,0.5874587458745875,0.5522272233431632,1.06379895999718,0.09534011783610069,0.06011482607227288,0.04285026480500722,5.356186395286122e-5,0.09999999999999432,0.19662921348314608,0.3089887640449438,0.4943820224719101,0.5007445711760952,0.15246636771300448,0.19553072625698323,0.10891089108910891,0.03864734299516908,0.6758061401815022,0.8692903429745534,1.400381922342457
DAL,DAL,2024-2025,82,4026.8166666666666,57.8124159282146,40.2898898633743,26.80529284919022,2.6440240222839377,0.5,0.48,0.04573453608247422,0.06562499999999999,0.09863813229571984,0.0613905325443787,0.21153846153846154,0.7270710059171598,0.0844354018311292,0.2902097902097902,0.29094608341810785,0.463659793814433,0.6969072164948453,0.3030927835051546,0.33468934911242604,3.248223369162573,4.797834517753891,17.850328423196157,0.2687813021702838,0.1822018348623853,0.2238377007607777,0.3874027871478298,3.1737228331726053,0.5301871869232797,17.284124349672407,0.555440414507772,2.7118195100348084,0.5384615384615384,0.5004230118443316,1.076012744651798,0.10116731517509728,0.0673076923076923,0.04690721649484536,0.002529182879377437,4.550000000000011,0.1813186813186813,0.4065934065934066,0.41208791208791207,0.3725026799498363,0.11467889908256881,0.19879518072289157,0.12937062937062938,0.03814852492370295,0.7318695941450432,1.0174618451808057,1.2577561630051988
CHI,CHI,2024-2025,82,4172.316666666667,48.2178166406353,34.49881960062156,23.51211756857701,2.0856039210830115,0.44,0.44,0.043253802564867286,0.060454355981659026,0.08870336391437308,0.06169237182159233,0.1763234681117132,0.7619841600666944,0.08096280087527352,0.34988179669030733,0.2314004376367615,0.48762302415747094,0.7154786758127051,0.284521324187295,0.31846602751146313,2.4303045070883877,5.1769800150995255,15.24333004445971,0.33962264150943394,0.19366863905325443,0.2256774460456457,-0.5320785015518956,3.5088420102341225,0.44619347452776187,21.08181306148862,0.6032018296169239,2.171455506333412,0.42178770949720673,0.43091870691704304,0.9788103944589388,0.09235474006116208,0.06294289287203002,0.04503429764390098,0.0036513761467889955,5.969999999999999,0.1456953642384106,0.36423841059602646,0.4900662251655629,0.2876100008388625,0.11834319526627218,0.14864864864864866,0.13002364066193853,0.04048140043763676,0.5249343832020997,1.0414694186707063,1.4708805406479823
