team,name,season_year,games_played,Volume,Qualite,Penetration,Rebonds,Finishing,RecoveryPossession,PuckExchanges,cluster,distance_to_centroid
T.B,T.B,2020-2021,56,0.37803613951712545,0.2254111791471027,0.6886910560741071,-0.18128443628020863,0.2305239723450512,0.2413173830460994,-2.6914932955866515,2,2.6711340474405443
CBJ,CBJ,2020-2021,56,-0.9352302718183076,-0.9309628349927936,1.35995612229234,-0.12637270947216153,-0.5754137722520924,-0.2937179379892592,0.7230898284171777,1,2.2576077769710974
ANA,ANA,2020-2021,56,-0.7393192389703459,-0.923277172991126,-2.208731149314296,-0.07526552096419145,0.22800173496927878,-0.6057495781708528,-1.0224082808742785,1,2.2843004502368736
CHI,CHI,2020-2021,56,-1.516600732906427,-0.6581668809572117,1.072898668253346,-1.7952924073287988,0.29139575841768767,-0.20484249193791557,1.1314524773142178,1,3.048789363782464
NYR,NYR,2020-2021,56,-0.8149074424534881,-0.19673139915705642,0.7189554128167378,-0.346792707934065,2.07027854427777,-0.07490896300882942,0.37788209234106207,4,2.21896286254916
WSH,WSH,2020-2021,56,0.005660456750807256,0.014752584985387467,-0.4673104837844355,-0.18673913530317715,2.6000618915441174,1.0757376396517127,-0.5544227411899648,2,2.0278864719211054
VGK,VGK,2020-2021,56,1.5739532717587614,1.5868347029805514,-1.5965489619502733,1.3726443031415456,0.47034351819927084,2.784731960686502,0.4738858713005119,2,3.41203783328843
PHI,PHI,2020-2021,56,0.15177054557733957,-0.0335571708283947,-0.8456594851750524,1.106495397205123,-0.1537481035643588,-0.5656384607137059,-0.7947086462470897,1,1.9884804931430122
PIT,PIT,2020-2021,56,-0.22827031606466258,-0.2022816644815099,1.2096882107812212,-0.5270869825010173,2.162691319960014,1.871040739758513,0.6033379636293759,4,3.3968855227791934
BUF,BUF,2020-2021,56,-0.9209084730383882,-0.08281421015042197,0.8646210486563021,0.0019377999058118958,-2.000111047301737,0.16936204209973968,0.9729099735656123,3,2.1671815169374335
COL,COL,2020-2021,56,3.160952426470088,-0.04203710248972784,-1.283293044507799,1.9530939959864464,0.5847518615636361,0.9678524134970472,0.25592991727161174,2,3.764982560866026
N.J,N.J,2020-2021,56,2.3896327908136682e-4,0.04875088745211069,-0.6267346161676502,-0.5463851026503005,-1.2167983597240055,0.36320674903149264,2.8730034042648693,3,3.1561079136559003
FLA,FLA,2020-2021,56,1.3894621724394338,-0.3439318995267015,2.459680358067756,0.5435789505523984,0.391066451989835,0.8792090180292876,-0.20203079816977096,1,3.15221810368784
VAN,VAN,2020-2021,56,-0.36726861617960604,0.2123358677738834,0.41065814687149943,-0.46417889057178496,-0.47589882339451617,-0.09613371668969829,0.517534968079696,1,1.3368064350051518
CAR,CAR,2020-2021,56,1.45385756609494,0.5384568258094983,-0.4760114982745885,1.7438597018153599,-2.1070506464571843,-0.4416753286614904,-0.8819477753210369,2,3.1740089309419846
L.A,L.A,2020-2021,56,-0.6665695356010176,-1.0276387064592098,-0.005354403736689318,0.8364185798645773,-0.05645388542006032,-1.259554299771081,-0.4611130373543284,1,1.7328423329191969
BOS,BOS,2020-2021,56,1.354909418654462,-1.6485121411011254,1.1327820340796178,-0.7580297943514211,-0.08300509147602156,1.5390315998461377,-1.4042910361120984,4,3.3813761768982067
MIN,MIN,2020-2021,56,-0.8957207168399564,1.8660396668705743,0.16427289319258792,1.9279599081438277,1.6731217627962416,0.108458469450242,0.31600303301504856,4,3.429465484038788
WPG,WPG,2020-2021,56,-0.5154388079658864,0.4713014287040519,0.028697632998572434,-0.6041892364351117,-0.05097980052161981,-0.35199510007409757,0.4997532081294784,1,1.5917554693625668
S.J,S.J,2020-2021,56,-0.14903562659294248,0.62475709154373,-0.1340033943968336,1.7419884064948268,-0.6866706997070817,1.8885957563950646,-0.2563948493450567,2,2.8011293800944927
CGY,CGY,2020-2021,56,0.7885854067091418,0.10077932051655632,-0.9806287091730084,-0.65416084911829,-0.013095591885075255,-0.2958455002372983,0.9209444268041569,1,1.3971342189386662
STL,STL,2020-2021,56,-1.2187148661779097,-1.2962784268933707,0.5539779647269824,-0.622153439885508,0.9254923597623194,0.5032273918218662,-0.5005319371194834,3,1.85738080078563
OTT,OTT,2020-2021,56,0.034340264372610514,-0.7331571698531488,-1.0386826686200172,0.11608844961120779,-0.2985642507273234,-0.994638540948897,-0.8291612683698454,1,1.6634322934232069
EDM,EDM,2020-2021,56,-0.08587641062822832,1.53332340998855,-0.20228137609334615,-1.0906324117109436,-0.24055110797368404,-0.32259150418819726,0.6235742096144601,1,2.285715377938291
NSH,NSH,2020-2021,56,0.11405441602030071,-0.8408190809443331,0.13914775665479617,-0.8707416779298254,-0.09235394937040102,-0.48746910536935406,-0.6555964261173567,1,1.544021306374426
MTL,MTL,2020-2021,56,1.2652618150831667,0.12287649379014752,-1.1448388687449584,-1.3651593751522466,-1.3820472617023947,-1.5041180047951737,-0.5042442960816029,1,2.7682604236155472
DAL,DAL,2020-2021,56,0.10567470261732231,-0.9468709205534691,-0.34395527187615604,0.05181066913862006,-0.3511768162389167,-1.0195090490786156,-0.5306016646560635,1,1.4712054645287482
TOR,TOR,2020-2021,56,0.7486458233897911,3.9393896104502306,0.16734649836279405,-0.5491238972833233,-0.4569256079969472,-0.7057340335527061,2.3812164831175333,4,4.282687998767529
ARI,ARI,2020-2021,56,-0.484169299186597,-0.2628719684955729,-1.5966131011306566,1.8726561928595746,-0.19231104863075182,0.4830924504665174,-0.5994145907546169,4,2.5361859033525302
DET,DET,2020-2021,56,-1.883823868380025,-0.6891481553637142,1.2295622026826476,-0.3071042981351646,-0.8452046737078227,-1.8729667643146761,-0.3789140522037639,1,2.7925019926594654
NYI,NYI,2020-2021,56,-0.4218183719547313,0.41472545699496516,0.6336992690481289,-1.1560546724290626,0.21467485135164283,-1.0772054155086452,-0.03305618648529756,1,2.155382483545157
WPG,WPG,2021-2022,82,0.07162211428383661,1.043108805805622,-0.019878524451016785,-0.16920230660204352,-1.7867086852632952,-0.7076779700362451,0.4983463864571588,1,2.1557410696441623
CBJ,CBJ,2021-2022,82,-0.42185277112261904,-0.24958754109603523,-0.9766724246905185,-0.25980372716260786,0.7588246603533264,0.5596868706943394,0.04917429393526145,1,1.360454301457444
PIT,PIT,2021-2022,82,0.7108756125609448,-0.07106051500786491,1.5586943619674083,0.48797542319851833,-0.4403052061115774,1.753065710652615,0.40034870614728657,2,2.3163672509693565
NSH,NSH,2021-2022,82,-0.1714980599462123,-0.4347143203002314,-0.9974519272153051,-0.5969217948274972,0.2879091722267934,-0.06848432052379218,-3.0109753395958347,5,2.747238878096268
VGK,VGK,2021-2022,82,1.016413965060078,0.16495738591822326,-0.07688674868129927,0.8081485592766942,-0.40508621849194343,2.038983232219319,1.2050924535946173,2,2.4671133355202404
EDM,EDM,2021-2022,82,0.6432150694221122,0.7344228972131183,-0.1690468861710565,-0.07167579574079777,-0.2955936691002222,-0.2366138044940854,0.6448551751078149,1,1.930640111215476
FLA,FLA,2021-2022,82,2.4313462829871844,2.328141127039725,0.9678134415779206,2.3747123515011173,-0.1957139414885942,0.8106024131519183,0.8957160558244096,2,4.12061656035386
OTT,OTT,2021-2022,82,-0.38418892317274145,0.5323862029866452,-0.7340939822834458,-0.42936991025268995,-1.3759344624081074,-0.5922029491781374,-1.506108894285307,1,2.0391216619939225
VAN,VAN,2021-2022,82,-0.054331971718532504,-1.0915134035076985,-0.4535947759138558,0.03923560032336648,-0.36230573048046016,0.21083068898852958,-0.2531919666686965,1,1.0840344567212667
STL,STL,2021-2022,82,-0.7485027170330144,0.6650320523867111,1.0901284342231006,-0.6308607344075742,2.1524088497501412,0.7880806634265988,1.002645657634694,1,3.1554040907410257
PHI,PHI,2021-2022,82,-0.5032571529972373,0.8111077077745067,0.7663950845174062,0.8982282747643491,-0.43999593224739675,-0.8948494531895812,-0.639548397820616,1,2.1815832159090602
DET,DET,2021-2022,82,-1.0510798217196107,1.2460189173873957,1.3875201606169767,0.49545952711091845,-0.248986840431737,-0.8228327309673188,-0.16862935859844494,4,2.5695797517287438
BUF,BUF,2021-2022,82,-0.8561945927864835,-1.6458784829793676,1.2187597410181494,-1.6003709811155058,0.4262306165582593,-0.4058168915424716,1.5627937018429519,3,3.0523847760674645
SJS,SJS,2021-2022,82,-0.9015833941362638,0.10243292976885769,-0.55978752565785606,-0.7700946470453341,-1.3686943363692605,1.4905999280379783,0.22801793995499875,5,2.404747370804457
COL,COL,2021-2022,82,0.8968103097243619,-0.5601174817336373,0.20130231489571707,0.5883578089354448,1.2693914283917493,1.1685664785892358,0.03205794513159739,1,2.5141225922310477
BOS,BOS,2021-2022,82,1.4793425005892822,-0.6234678344855141,4.291094034822523,0.48670460348554384,-0.28109868210492245,-0.06794894007285496,-1.7964572033551778,4,2.7450612269269654
NYR,NYR,2021-2022,82,-1.1493813545942433,-0.502807081551161,0.08508386791526988,-0.07337369700648386,0.4539534011827936,0.21564256930464726,-0.12728901594846292,1,1.4185462158039575
MTL,MTL,2021-2022,82,-0.8050219478905745,0.12172234517007234,0.3362599510622949,0.10291736864989377,-0.06832423639591244,-2.569168751966394,0.17092441270104672,1,2.5062460602374776
TBL,TBL,2021-2022,82,0.05087163692712411,1.3738211551409754,-0.6284716801277205,-1.4523326013894107,0.07581661669756812,1.8735257023702658,-2.154863276159672,1,3.5960592970721494
LAK,LAK,2021-2022,82,1.1561676459312284,0.2506192664261131,0.020898275733392247,1.2228193973392574,-2.1691342410090404,-0.35225849724918057,-0.39043697649385833,1,2.922085380738178
ANA,ANA,2021-2022,82,-0.6368720136474303,-0.7848812003256118,-0.4023292206572875,0.09501468242398453,-0.07828985054594896,-1.1397839401305487,0.17454319939719823,1,1.5490725759584754
CAR,CAR,2021-2022,82,1.8922726550539442,0.972665075996582,-1.0889735068570785,3.5123483698829983,-0.49666730556613375,0.3817455553425106,-0.3921022039700628,5,3.515013068198088
DAL,DAL,2021-2022,82,-0.2597127994625413,1.1455274997685376,-1.1040680163640841,0.7297026471474545,-1.7995612301851425,-1.7505271181539395,0.1684272878433851,3,2.4389558816968657
NYI,NYI,2021-2022,82,-1.1417142770370927,-0.2550855482459978,-0.04076363351126267,-0.4553629510654584,0.3300484409590903,-1.4190097859139434,-0.054230314969345196,1,1.3785204718570472
NJD,NJD,2021-2022,82,0.26850337800854956,0.2902624037601637,-0.32560827502204276,-0.4524832773059469,-0.019787930682850813,-0.04406874377089276,1.9598945217812653,1,1.9279679161497738
WSH,WSH,2021-2022,82,-0.03071168357834588,-1.1895073701113685,-0.5783928611312649,-0.3372434123223401,1.0276097201602699,0.05937429022062834,-0.010413042473946355,1,1.0915354820916472
CGY,CGY,2021-2022,82,1.6339283543896639,-1.2142907785863881,-0.23164240182459167,0.19439343112019042,0.4972440767111889,-0.9797081303053725,0.3418375100933197,1,2.6861084995767035
CHI,CHI,2021-2022,82,-1.4452470279367213,-2.1424578883698993,-0.23024236416521984,-2.2876394283107904,0.3267386303746868,-0.11219843546674163,0.5220719576615384,3,3.489823657186093
TOR,TOR,2021-2022,82,1.197217908855639,1.7815182543921253,-0.20775529555700908,-0.4555436294550109,0.1667002896894877,0.7882526733874667,1.4167652917990552,2,2.730939113162002
MIN,MIN,2021-2022,82,0.1414928773616791,-0.547449925722147,0.5217043744123592,0.07135810273122542,3.0887784412285972,0.3514600651308661,-1.5935334799799907,2,2.1706336863511364
ARI,ARI,2021-2022,82,-1.9812713404985924,-0.7204709561549084,-1.2120471547414025,-0.32678944368308804,1.1575498967388478,-0.7412246887018229,-0.223914371065538,1,2.4977350410254133
SEA,SEA,2021-2022,82,-0.4611834750524957,-1.4272024026271588,-1.2211772709387387,-1.2062857924814876,0.024023761345666486,0.48148761003982016,0.3144668982468182,1,2.154357187740301
CGY,CGY,2022-2023,82,1.9153436137306694,-1.1946752938784415,-0.2515708529721696,1.156969411508891,-0.22196929737548624,-0.3844417985555297,-0.1281131764765959,2,2.7626142019360187
EDM,EDM,2022-2023,82,0.5186888264733157,1.2828528183382935,1.3478661736235242,-1.101844715505065,0.27583506402315416,0.19735419181761987,0.6774440999006514,5,2.351214997306682
CHI,CHI,2022-2023,82,-1.8779326299650443,-0.5326524458992227,0.0604889400552164,-0.6829069474235894,-0.2869585743170594,-0.022653841680043686,0.8274835221226707,1,2.245460349567972
ANA,ANA,2022-2023,82,-1.7823463917776967,-1.5107794953138018,1.0370316064324134,0.09744010738256874,0.14323180201871297,-1.3754090625147128,-0.45162241186796453,3,2.0596491927332923
PIT,PIT,2022-2023,82,1.1914303910905284,1.216366204819495,0.32116702402794134,1.7962402616451834,-1.7804508112024757,0.09504460137484999,0.009463485998122405,4,2.610875890430781
WSH,WSH,2022-2023,82,0.03808916552854462,0.02072965247611801,-0.43021457969745874,0.691001200901235,0.10570940519920867,-0.4592014207841503,0.13452944491352667,1,1.4213143118110032
BOS,BOS,2022-2023,82,0.4558201918077689,1.0815876226998649,1.934770804274779,-0.3711822763335442,1.1529975733478455,-0.9702412196898477,-0.480387678001392,2,1.4157097544788668
FLA,FLA,2022-2023,82,1.703035648335761,0.21505297331563658,0.9088523464231191,1.0097543144147492,-0.07928331352700876,-0.17796811305019206,-0.7715821972299474,1,2.8380346378199786
NSH,NSH,2022-2023,82,-0.4250792493973685,1.8664549121983636,-1.3169268607132087,0.6503161538017501,-1.8546670487728467,-0.08581646331050027,-1.6776822052294649,1,3.502276279937049
NJD,NJD,2022-2023,82,1.3418038911777082,0.5821006950120581,-0.11460625444205748,1.1216849394544635,-0.31042295450393814,-0.26026197002660006,1.157028054839474,1,2.6302375428801725
BUF,BUF,2022-2023,82,0.17492765320267073,-0.25374399647486995,1.3053596277076231,-0.17150173727797577,1.2232619954174457,0.41374641624422626,1.9305715133316772,1,2.77770061158719
MTL,MTL,2022-2023,82,-1.1854750571515844,0.16679690304407976,-0.11921073504358486,-0.4667469866185966,0.6942427228504183,-2.5877558017670577,0.8439052775396023,1,3.1130898729192684
OTT,OTT,2022-2023,82,0.6926440942256932,0.181734803811182,-0.15747770534314362,0.0599906333569982,-1.682505660439149,-0.5260030705599188,-1.8864570516527075,1,2.43703387312187
NYI,NYI,2022-2023,82,0.03071732113258248,0.27447937550529317,-1.008063413013967,1.513555028023856,-0.038345592816330064,-0.7427968785613717,-0.30822569423182417,1,1.8582450107240938
TOR,TOR,2022-2023,82,0.4478366305774647,2.1818611155537,0.8268125586274887,-0.42562228388863294,-0.27368954875623064,0.1413270255476245,1.0226140970668949,1,2.8225000504335696
DAL,DAL,2022-2023,82,0.11799804730380489,-0.4301561275814136,-1.3330120419223406,0.02855599017094205,0.36337659780646514,-0.652472413440542,0.828455976254826,1,1.6036864051193065
SEA,SEA,2022-2023,82,0.30696225459943144,-1.0066513095916563,-0.4085216050288514,-1.115187370843385,2.610045099016137,2.689757978294026,0.6820809936123611,3,3.4208997090165134
NYR,NYR,2022-2023,82,-0.2991261666363313,-1.5293451511247227,0.3065840626594028,-1.180569702514741,1.4244467758948527,-0.13730960090918512,1.4708898053558948,1,2.677758338942886
SJS,SJS,2022-2023,82,-0.2033159577545532,2.116217226770185,-0.9897095987035924,0.16935182422754072,-0.7084213243577625,1.0424670528098856,0.5603369007291803,2,2.722916077285387
CAR,CAR,2022-2023,82,2.4784858356235295,-0.2584584447651257,-2.1927640057028035,3.7476881061684235,-1.423670877987566,1.641372938715613,1.1212226375087428,5,4.7022446781182206
MIN,MIN,2022-2023,82,-0.3223825272677311,-1.190826449526797,-1.686321509107442,-0.39918045294648463,-0.8580530771270336,0.40240413856951307,-1.6246826391391893,1,2.5470140456761023
CBJ,CBJ,2022-2023,82,-0.9994369917506788,-0.6412277850703167,-0.7243858538070639,-0.3848798137897662,-1.1055253909037208,0.2067324945748955,-0.32980849523414385,1,1.3975974198496905
PHI,PHI,2022-2023,82,-0.4902649172218529,-0.6193419848086897,0.5349942116515137,-0.3902431831352253,-0.31464834517009116,-0.6817068820043054,-1.417431376305458,1,1.9183044550230444
ARI,ARI,2022-2023,82,-1.5757782896969952,0.478905982327464,-0.24452039834184947,-0.8499651516881945,0.2225907316435861,-1.489006864580121,-2.032170196026208,1,2.4496110627277203
LAK,LAK,2022-2023,82,0.5213352188613951,-0.2136707483365303,0.5160799328747838,-0.3043128501249437,-0.29413537692442954,-0.8891687029961263,-1.2137741847297419,1,1.7207109783222672
TBL,TBL,2022-2023,82,0.31456753469332127,1.1260428084618959,-0.525836035276825,0.32823292802404264,-0.3984111440259674,0.9775142865817905,0.060644542657600616,1,2.195731314376763
DET,DET,2022-2023,82,-1.4267432527131907,-1.2991355191351048,0.12840749558796252,-6.217927121858789e-5,0.3995287098957536,-0.8077281416275621,-0.6940587988561414,1,1.7994885192394898
COL,COL,2022-2023,82,0.3510469496403466,-1.007572807641165,0.6336122566313585,-1.3747478397747066,0.1427302519216875,1.360963574843378,0.07183126709809254,1,2.6556488692272313
VGK,VGK,2022-2023,82,-0.18229849992096717,0.6578320038777683,0.1882351651006545,-0.11434852622751344,0.40624837947046727,1.9433800963811942,0.9163403061979662,1,2.340528546831967
STL,STL,2022-2023,82,-1.1963749206649836,-0.9644395899643693,2.0167371574305535,-1.9688890360382525,2.2421657644055233,1.2556068380275964,0.9328487195835404,2,4.272612177684752
VAN,VAN,2022-2023,82,-0.9353463954050331,-0.6815735840836937,1.109917987729252,-0.03531257694281273,1.331267158354488,0.0552025701428114,-0.6767633045262575,1,2.162537886971212
WPG,WPG,2022-2023,82,0.19363698259106066,0.2600169047221267,-1.7463979569944306,-0.15957458972293367,-0.7960061787618444,0.20465543079214524,0.0898014417045352,1,2.0314474010880113
NYR,NYR,2023-2024,82,0.019116451348386344,-1.195234325908158,0.370070331546752,-0.7885628554615037,0.18574002415913507,-0.08855273197795444,-0.549031028279464,1,1.7925039797194022
TBL,TBL,2023-2024,82,-0.22059313206965103,0.33168649375945847,-1.2495411413930622,-1.294838304371002,0.35891695757518555,-0.3334151581906466,-0.5561188339425157,1,2.064208726885658
OTT,OTT,2023-2024,82,0.1258397216200585,-1.0210023349714457,-0.020209912260510065,0.4348174959405147,0.10310501901274838,-0.33813963377307193,0.26135745965218443,1,1.5559984535813185
CHI,CHI,2023-2024,82,-2.05725640037218,-0.5866272239904188,0.6645160206669578,-0.4056318392988596,-1.7882068266397435,0.1540592603645949,1.3073631192522652,3,2.424552761690308
SEA,SEA,2023-2024,82,-0.1740930410352958,-1.190844152585054,-1.6298595932010014,-1.0785205430538185,-0.8521290901747091,4.134377031614085,0.4518053566327407,2,3.7709173927402175
NSH,NSH,2023-2024,82,0.7622528055693156,0.681721915551206,0.6601184750006112,0.09260712621721136,-0.791998924288743,0.12599879527499636,0.3129649354311426,1,1.8974562970044195
CBJ,CBJ,2023-2024,82,-0.27580307012323113,-0.6545974704775529,-0.34746318870094745,0.5728251526212226,0.7634633595207392,0.48963585082495475,-0.3183001895415745,3,1.5129857656192258
VAN,VAN,2023-2024,82,-0.14433053889049985,1.0338606418190706,-1.4531306012922829,-0.15061038321932874,1.6920243505159724,-0.040783308734784605,-1.5714563647063478,1,2.853431182905089
MIN,MIN,2023-2024,82,-0.40152691872884977,-0.6764583983826767,-0.5178309644790541,-2.358192091481471,0.28418255691144856,0.06894256654495183,-0.491495555215181,1,2.6836012249769765
NYI,NYI,2023-2024,82,-0.2790305455654954,0.3016686640174077,1.0037355526957534,1.319700736340562,-0.0924606296223561,-0.7810328504766599,0.354241671791759,2,1.7267955643963693
PIT,PIT,2023-2024,82,0.8367126702798117,0.6725307024787139,0.4951995653543117,0.9271202925290507,-0.21864636224697342,1.136905351440833,1.3863749235956315,2,2.429263120325895
COL,COL,2023-2024,82,1.0156727252305713,0.7566248995722831,0.3168209240253953,-1.2938698524253578,0.6239741980671926,1.0565918753690118,0.576845856497719,1,2.444033184093836
WPG,WPG,2023-2024,82,0.2662704155706907,-0.5080237063351732,0.6038909617491068,0.156874328563048,0.6893149669748085,-0.16342375570770976,0.002686348084469199,1,1.286062335478746
DET,DET,2023-2024,82,-1.238467956534294,-1.0737688073268217,0.28322065287914594,-1.0597118399097214,2.964639933755961,-1.0764500872077953,0.10165008022351867,4,3.2281272815491326
CAR,CAR,2023-2024,82,2.5716619074984663,-1.1770270967067447,-2.6905777853950923,0.8311698782109626,-1.009241524044028,0.21641490968990842,1.0076186522087185,2,3.6315008132902578
NJD,NJD,2023-2024,82,0.5068542290005862,1.7343977207568606,-0.3211943725614831,2.240500760475311,-0.31115946208415807,-0.2998567917020206,0.3345257721775532,1,3.1166452459868985
WSH,WSH,2023-2024,82,-1.2914436996577499,0.77330371663265,-1.8405033992736781,0.6097513238134559,-1.0657196140572982,0.1308780024757302,1.042033332293798,1,2.93364174071975
ANA,ANA,2023-2024,82,-1.3566196941919832,-0.1694702919251541,0.40204267052052073,-1.022624995702914,-1.1721670710901064,-0.41418489020764626,-2.4292735199251165,1,3.1047201534616446
BUF,BUF,2023-2024,82,0.0927724614904349,-0.2690726739104207,0.8453024104381023,-0.7126281471953481,0.4975215925959866,0.42458092634645245,-0.4703734846677154,1,1.4378017884281418
STL,STL,2023-2024,82,-1.3424647532090705,-0.5773840835420585,2.0980698638945006,-1.1251777501028142,0.17385439554106227,1.1370043626973731,1.867581385971272,3,3.055257486975304
PHI,PHI,2023-2024,82,0.771932271713451,-1.2569863438386502,1.037744107521195,-0.25214614246949313,-0.11351054415348188,-0.3099867132226859,-1.0357204942013747,1,1.9848222000200335
TOR,TOR,2023-2024,82,0.44668938864584357,0.8532930250147323,0.6633660783772767,-0.5883831900251502,1.145877917694086,-0.41484504941656813,-0.055006012636470245,1,2.2426101481281284
ARI,ARI,2023-2024,82,-0.5049366888144486,0.3793961264865768,-0.9801971727398892,0.28966987620835766,0.8519769414180122,-1.2794200964518738,-0.3554123234309914,1,1.8093316994236206
BOS,BOS,2023-2024,82,-0.7322907126896144,1.7797536466685258,0.8721165076653257,0.4268563064864685,0.7804520169969273,-1.1199659129512194,-1.0811356668983663,1,2.297875503919885
EDM,EDM,2023-2024,82,1.858356029435292,3.4250086514578704,1.1849015402743315,1.1816703906097847,-1.3371541108940663,0.2640280048522133,0.6488363551363602,2,3.1543766927308665
FLA,FLA,2023-2024,82,1.2944943460244467,-0.611220566438267,-0.42778849728112406,1.4150959883528431,-0.9982691546744861,-0.0891834392859851,-2.402482057013992,3,2.778499783838265
SJS,SJS,2023-2024,82,-1.821541336466511,-0.448136946976368,-1.1984563484402369,-0.10684195209205885,-2.2935012061371376,0.8486337223861098,-1.0020275392768379,1,3.108076310345479
DAL,DAL,2023-2024,82,0.7705328916492411,-0.19550667389351242,-0.62962018495029215,-0.21513232598965265,1.0011135460042353,-0.4758427755486332,1.5240478866646212,4,2.000346295772012
MTL,MTL,2023-2024,82,-1.1271620839235983,0.35918994689572237,-0.14999579193266147,-0.4559904121675655,0.28760278325225447,-2.064269748564216,-0.3818254209396603,3,2.4991016629566403
VGK,VGK,2023-2024,82,0.00832459976600665,0.48355569730651793,1.0192037157921512,0.5831980391235101,0.10550155578395097,1.7902919280843355,0.6608515064407524,1,2.650482302525691
CGY,CGY,2023-2024,82,0.39609947882805796,-1.2653979649961462,-0.3591629324881997,-0.2133680952893654,0.24051205510565637,-0.7708327760478768,1.2342031170029517,5,1.7109554949511414
LAK,LAK,2023-2024,82,1.1915762765290878,-0.035492711309574584,0.7002136208955383,2.3013408741343433,-0.970337436507371,-1.1437827158542593,-0.642556189205446,2,3.4336144617866653
VGK,VGK,2024-2025,82,0.659545809184202,0.969266854813339,1.393448691091115,0.6759797874049939,-0.10861120701269679,-0.08194249300438126,1.5914224032329793,2,2.632634595719509
TOR,TOR,2024-2025,82,-0.6036380280202931,-0.20598963026190134,1.3605455736446757,-1.0991139259263067,0.6459981290839958,-0.49324717495807613,-0.8414941992844666,1,2.43916650329172
MIN,MIN,2024-2025,82,-0.7857360964599207,-1.7911895727377016,0.44007912140859273,-0.1545522956491967,-0.5234174646707159,0.1827032156515918,0.3294326731000562,1,2.401102114021849
PHI,PHI,2024-2025,82,-0.4043670770423759,1.9310880354149391,1.1116225554586545,0.4268071656150548,-0.23745798728213222,-0.2931156820142783,0.8947793044812995,1,2.639643389040976
BUF,BUF,2024-2025,82,-0.14820629497622057,-0.9759925309718355,-0.592875667801365,-0.31935492543581684,2.109217981447512,-0.327070110433951,-0.34568848549054226,1,2.009698617270393
CGY,CGY,2024-2025,82,0.4598328387467732,-2.2789868393263877,-0.48748065627280684,-0.43782669677971325,-0.7547384971076126,0.8543722859030176,0.5348560368968672,1,2.7017317655271795
SJS,SJS,2024-2025,82,-1.1885562902215252,-0.8990991225164788,0.5798945820766401,-0.0033133004982575953,0.019165467634124706,-0.8380544424146519,-0.8073815448848761,1,1.9929627029901376
CBJ,CBJ,2024-2025,82,-0.006017442482160237,0.6741549267254041,0.7657554532695674,1.9644647471946302,1.8877045830686212,-0.044380017561988415,0.02240020811714201,4,2.459242819589624
MTL,MTL,2024-2025,82,-0.7350888303311012,1.3473862117324134,-1.158716131481126,-1.533384990403294,-0.10067644513694536,0.05882330540172929,-1.304665536598442,5,2.4963027878325503
UTA,UTA,2024-2025,82,1.0768860370351285,0.661934808912807,-0.8150098580006164,0.37888556615666413,-1.4149655841332205,-1.7355344010647573,0.7336426456682459,1,2.7706417022457077
NYR,NYR,2024-2025,82,-0.00955406628714295,0.06925628164470073,0.25089328893442814,0.022135008567309336,0.9419302491509912,-0.14089434319881808,-0.7800179313951104,1,1.7412920412831532
FLA,FLA,2024-2025,82,1.8126898657318937,-0.4668100594488363,-0.013152826734279083,1.9271062965654102,-1.3777972633026274,1.3536066135318774,-2.0265557848454376,3,3.957970116719508
TBL,TBL,2024-2025,82,0.0033022520241345102,0.8630305051538754,0.11535044394225988,-0.9211341391403263,0.8143201757387101,-0.3271230095593908,0.0403628371386125,1,1.9082385726349336
BOS,BOS,2024-2025,82,-1.1653745164112057,0.18604414726666296,-0.35513967252381745,-1.0707291690085972,0.049832127725836214,0.13405524000690283,0.006477969366806838,1,1.9823424986830045
PIT,PIT,2024-2025,82,0.2085543586133119,0.4871708250436006,-0.6627076577012132,1.1177205239707582,-0.949756663987487,1.0911358960293858,0.9386058863570896,1,2.1526674708703823
EDM,EDM,2024-2025,82,1.669845404282728,-0.014299998133744378,2.2840783020996156,0.6524675747989866,-1.0084116194844095,1.7908632512589762,1.5328929759712338,4,2.635724630365918
COL,COL,2024-2025,82,1.0414306511003022,-1.211183220354637,-0.7265440208816187,-0.5302093522975364,0.01854794790393581,0.7010141392714805,1.1715569736148541,5,2.3972821553761787
WSH,WSH,2024-2025,82,0.2544570252563524,1.9266211443668442,-0.9177260276854609,-0.3976879408137258,0.9940560979055881,-1.2305537901498131,-0.3803030521996053,2,2.637447906124624
VAN,VAN,2024-2025,82,-1.1108412071930973,-0.6661127802671338,-1.3970606896662376,-0.822520301860014,0.7172143642048245,0.6929585685085081,-2.1154163390236023,1,2.740544932295108
CAR,CAR,2024-2025,82,3.411660317235525,0.39477592833651187,-2.639961257287911,2.0584993658732516,-1.1901552095326955,1.0970477002508505,1.5597367138225362,5,3.525140562236683
WPG,WPG,2024-2025,82,0.11570041937914323,0.6113444950847103,0.15672022584243095,0.5995929070700665,-0.0013828930758256527,1.4097007274960518,0.25992601258978537,1,2.1258072888266466
NSH,NSH,2024-2025,82,0.12092023784488588,-0.09879002962107603,0.35981853754307613,-0.46147230122228433,-2.304283154361955,-0.23215099228743677,-0.2306792982592023,1,2.2626993007134315
STL,STL,2024-2025,82,-1.0170553507196693,-0.18225831194840952,1.3833021670658217,-2.4513212709929295,1.832450140983604,-1.4899422623258587,-0.03793935722051098,1,3.9486570481035
ANA,ANA,2024-2025,82,-0.6890459364057347,-0.5819801165789952,0.2044650700178395,1.3482844868402792,0.057706839460958295,-1.0173373007660262,-1.2547247957686611,1,2.028278240015466
NJD,NJD,2024-2025,82,-0.00921512120026244,0.8892170799880176,-1.5200326573205734,0.5715295532562729,-0.9626981967769822,-1.7285951298195,-0.7259075583186161,1,2.8409682860504475
DET,DET,2024-2025,82,-0.7884196709291015,0.17614162860788016,0.052772464839167935,-0.5180594402733031,-1.017478751217393,-1.1518817297346984,0.8266965454904256,1,2.243054545864719
NYI,NYI,2024-2025,82,0.273847713125072,-0.26725307458621134,0.011785158144781151,0.38314015333358764,-0.5700828754682075,0.562280406666543,0.5833378402429528,1,1.5287377017243102
SEA,SEA,2024-2025,82,-0.5250132666299624,-2.3063640116891424,-0.4408246494810472,-0.8441404737106484,1.1920739618040634,1.4846679376531027,0.5452591047013937,3,2.7806466823814624
OTT,OTT,2024-2025,82,0.03726702018028272,-0.670239082646952,0.8471088262126476,-0.26181998959340913,-0.6151442036450696,1.6071265430955066,-1.4387665639293798,3,2.4153025078640242
LAK,LAK,2024-2025,82,0.9223703509592616,-0.12019172614586275,-1.1985586709557081,0.9898455778413988,0.5018107962853192,-0.8662390355674313,-1.2797609959582583,1,2.501689382922955
DAL,DAL,2024-2025,82,-0.003969199361319514,1.5588924510335156,-0.06241861605587851,0.26397565482561625,0.7546817038390815,-1.5465653093212783,1.5437176740012877,1,2.664937186015074
CHI,CHI,2024-2025,82,-2.481632018342094,-0.10832682322270608,1.6087211125086136,-1.340523375138654,0.7362326421423512,0.6087109468365862,0.1451067493326497,3,3.134904195309248
VAN,VAN,2025-2026,NA,-0.2716673055101615,-0.01651033952301601,-1.951069694592104,0.7876269024516809,-1.5269205263543224,-0.39787707709600995,0.2072304079638731,1,0
COL,COL,2025-2026,NA,2.8897229764147028,-0.6336097714030535,-0.1810473174869,2.259789049311347,0.8670162364809095,-0.4611690553500227,0.799377131167967,2,0
NJD,NJD,2025-2026,NA,0.2120609373530335,-0.23267020736595137,0.16628419595862018,-0.08897102247648608,0.27337133715061934,-0.12899524927321568,0.3095377322512418,1,0
TOR,TOR,2025-2026,NA,-0.8325432939755696,1.366354526538469,0.6043286413817164,-0.9635958414803316,1.3673234515135757,-1.0989996020704973,0.98323903193962,3,0
PHI,PHI,2025-2026,NA,-1.0242278317069509,0.3456874032293059,0.10341115210146616,-1.6099416080593354,1.4327423959145318,-0.7177708694146001,-0.16482643960985627,3,0
STL,STL,2025-2026,NA,-1.0579089993696895,-0.6730285316291252,0.41773979367983266,-0.2246875930732807,-0.8515201201389774,-0.5290299164908135,-0.231310304301616,1,0
EDM,EDM,2025-2026,NA,0.12775541042058408,2.6090553395180995,2.785651512387787,0.06017208723078693,-1.1712457993777838,-0.00131404581086633,0.1606401770797184,4,0
DAL,DAL,2025-2026,NA,-1.7736385153034913,0.38647817620082414,0.22648561177902332,-0.893495139425126,0.03564224750215724,0.02053512382064524,0.26206137331984913,3,0
FLA,FLA,2025-2026,NA,0.34207969926580734,-0.9795324219637388,-0.13660718460215995,0.31771315606912726,0.20757679442524357,-1.2983684467498409,-0.12604716001829488,1,0
ANA,ANA,2025-2026,NA,1.1805129751625332,0.8033653268554938,-1.1363018517793957,1.55129279946451,0.1588480732007556,-0.007192858654528,0.11748850959588072,2,0
CBJ,CBJ,2025-2026,NA,0.5395003841295208,0.02220526673150309,0.06197565057477757,1.3704416516650952,-1.6355524560569872,0.07501675691619984,0.211737523505475,2,0
MIN,MIN,2025-2026,NA,-0.2734011715648558,-0.95281972195052,0.1085427266560236,0.00941246526294915,-1.2513596708068675,1.642920517008578,-1.0203572757471726,5,0
SJS,SJS,2025-2026,NA,-1.8291984984344472,3.358465801220941,-2.3255929144323075,-0.9350934623804058,-0.425461198933159,-0.08868491412284196,0.04533012280940832,3,0
WSH,WSH,2025-2026,NA,0.5240719560935891,-0.639180418524845,-0.12392835112197752,0.9407348861144208,0.6939542902232458,-0.7075324260698702,0.3220594837235939,1,0
PIT,PIT,2025-2026,NA,0.4451179319415879,-0.8723901091652151,-0.27719811266961736,-0.01515548137406045,-0.06066626756809409,0.27760412961851677,0.40402959767881413,1,0
NYR,NYR,2025-2026,NA,-0.6168175247428624,-1.3429998671077796,2.775607106780571,-0.7398037408927189,-0.41444854174482754,-0.47153203253086745,-0.5227602248462622,3,0
UTA,UTA,2025-2026,NA,0.8991340208595081,-0.283558419299927,0.08708432551252536,0.6162346456987388,-0.21867597592210805,1.6808903945193276,-1.740871098590432,5,0
TBL,TBL,2025-2026,NA,0.5451940310424793,0.05630793148057111,-0.5530042329291086,1.893872302509904,0.23920332475836667,-1.4740467533337636,0.04799953880507669,2,0
OTT,OTT,2025-2026,NA,0.40470466144683215,0.26510880866223435,0.0601788261009354,-0.39843370262511935,1.133684654168391,3.014465778420047,-2.597837191204288,5,0
SEA,SEA,2025-2026,NA,-1.4193694806898,0.06067390370066307,-0.11597506163995898,-2.0081531849002405,0.6514940146331522,0.21689174763970304,0.20721490471114573,3,0
CAR,CAR,2025-2026,NA,3.137310330959832,1.2483577322458286,0.0129075325204515,1.8821058007457296,-2.6304015354190025,-0.7806834683673561,2.4970520796450404,2,0
LAK,LAK,2025-2026,NA,0.4167524515714952,1.6629527688766488,1.948830386207153,-0.6315241038043721,0.5588275225926563,0.5809365138920924,-0.1511171695642648,4,0
NSH,NSH,2025-2026,NA,0.3711005814057989,0.3027465969418884,0.3891863675045687,1.2219041529367771,-2.0612512706773543,0.17213567340536032,0.5625090537726372,2,0
BOS,BOS,2025-2026,NA,-0.0730148870528158,-0.27380004523294454,0.09812281859871363,0.31426423432297285,1.220024166699371,0.2911047078663383,-1.1158881206671356,1,0
WPG,WPG,2025-2026,NA,-0.609678282256441,-0.912334598219237,-0.4370136887999592,-1.0014403500777356,0.16878160805289785,-1.2885050605542123,0.15635183599243732,1,0
NYI,NYI,2025-2026,NA,-0.47304863051824464,-0.03535914576523463,-0.34650838023828345,-0.10390720442522094,-0.04955781118100415,-0.23774531114113573,0.17935807397485865,1,0
DET,DET,2025-2026,NA,-4.994917278638015e-4,-0.03580896775421528,-0.07426841179869287,-0.28791332221213184,0.4590173063672398,-0.7863892445599957,0.755788392649968,1,0
VGK,VGK,2025-2026,NA,-0.14120580739377722,-1.0471770873680566,-0.17529318607158312,-1.0531389200703902,0.6229674687750686,-0.25905455368536456,0.35433713652621657,1,0
CGY,CGY,2025-2026,NA,0.2863323454175609,-1.5240096838470016,-1.4201238605722466,-0.3259026694864281,-0.1436721771193538,0.2399955571860445,-0.25172477132799304,1,0
CHI,CHI,2025-2026,NA,-1.0436503223409883,-0.3786194123451459,-1.3774104939970084,-0.00826157829333439,-0.7689557900266272,0.16269364399913858,0.6914491041269492,1,0
BUF,BUF,2025-2026,NA,-0.11205554137376884,-0.09898541564921592,1.2573519916420468,-0.1963697938289858,0.5429652431018646,0.00237616869312453,1.164128854517474,1,0
MTL,MTL,2025-2026,NA,-0.41264383271721894,-0.5115400846756318,-0.09327684053306344,-1.112802843637949,1.930640263216559,3.424413667889363,-3.714682683881931,5,0
